{
    "panda_link1": [
        [
            0,
            -0.1294,
            0
        ]
    ],
    "panda_link2": [
        [
            0,
            0,
            0.1294
        ],
        [
            0,
            -0.194,
            0.055
        ],
        [
            0,
            -0.194,
            -0.055
        ],
        [
            0.055,
            -0.194,
            0
        ],
        [
            -0.055,
            -0.194,
            0
        ]
    ],
    "panda_link3": [
        [
            -0.03158,
            0,
            -0.02223
        ],
        [
            0.0825,
            0.11105,
            0
        ]
    ],
    "panda_link4": [
        [
            0,
            0,
            0.11055
        ],
        [
            -0.11493,
            0.02223,
            0
        ],
        [
            -0.1375,
            0.124,
            0
        ],
        [
            -0.0275,
            0.124,
            0
        ],
        [
            -0.0825,
            0.124,
            0.0545
        ],
        [
            -0.0825,
            0.124,
            -0.0555
        ]
    ],
    "panda_link5": [
        [
            0,
            0.1223,
            0.03067
        ],
        [
            0,
            0.11113,
            -0.06748
        ],
        [
            0,
            0.08161,
            -0.19864
        ],
        [
            0,
            -0.0172,
            -0.1767
        ]
    ],
    "panda_link6": [
        [
            -0.00458,
            0.0489,
            0
        ],
        [
            -0.04783,
            0,
            0
        ],
        [
            0,
            -0.0479,
            0
        ],
        [
            0.00525,
            0,
            0.05628
        ],
        [
            0.08835,
            0.07817,
            0
        ],
        [
            0.13164,
            0.0171,
            0
        ]
    ],
    "panda_link7": [
        [
            0.08084,
            0.04026,
            0.0853
        ],
        [
            0.04026,
            0.08084,
            0.0853
        ],
        [
            -0.03111,
            0.03111,
            0.0853
        ],
        [
            0.03111,
            -0.03111,
            0.0853
        ],
        [
            -0.03111,
            -0.03111,
            0.0853
        ]
    ],
    "panda_link8": [
        [
            0.07176,
            0.07064,
            0.05771
        ],
        [
            -0.0695,
            -0.07064,
            0.06041
        ]
    ]
}